source,year,value,units,value_type,disperse_phase,hydrate_state,geometry,flow_regime,confidence,notes
Aya-Yamane-Yamada,1992,3.9e-9,m/s,diameter_reduction_rate,liquid_CO2,hydrate,droplet_assumed,free_rise_assumed,low,"Cited in 2002 thesis Table 4-1 as 'Aya et al. 1992'; that paper is absent from the thesis's own bibliography (which instead lists an unrelated 1997 Aya/Yamane/Nariai solubility paper). Separate 1992 Aya/Yamane/Yamada hydrate-stability conference paper confirmed to exist and is the likely true source. Exact value not independently verified (primary source is a 1992 conference proceedings, not indexed with full text). disperse_phase inferred from context (hydrate-stability-under-pressure studies of this era are consistently liquid CO2, per the other four 1990s entries below) -- not independently confirmed for this specific paper."
Fujioka-Takeuchi-Shindo-Komiyama,1994,5.0e-7,m/s,diameter_reduction_rate,liquid_CO2,hydrate,droplet,free_rise_likely,medium,"Primary abstract confirmed via OSTI/Wiley: discrete LIQUID CO2 droplets in a high-pressure vessel at 3C, video-tracked shrinkage ('Shrinkage of liquid CO2 droplets in water'). Closest geometric match in this dataset to a discrete free-rising/falling droplet. Exact numeric value taken from 2002 thesis; not independently re-derived from full text (paywalled)."
Tabe-Hirai-Tanaka-Okazaki,1999,1.15e-4,kg/m^2/s,constant_flux,liquid_CO2,hydrate,unknown,unknown,low,"= Hirai/Tabe/Tanaka/Okazaki (1999) ASME/JSME conference paper, confirmed to exist under Hirai's name in the 2002 thesis's own bibliography ('Tabe et al.' is informal in-text shorthand, not a separate/missing reference). Geometry/flow regime not recovered from available abstract-level material. disperse_phase inferred (same research group/era as the other Hirai entries, all explicitly liquid CO2 -- not independently confirmed for this specific conference paper)."
Hirai-Okazaki-Araki-Yazawa-Ito-Hijikata,1996,3e-4,kg/m^2/s,constant_flux,liquid_CO2,hydrate,droplet,forced_flow,low,"Lower bound of the 3e-4 to 1.5e-3 range reported in 2002 thesis prose. Primary paper confirmed to be a FORCED-CONVECTION flow-cell experiment on LIQUID CO2 ('Transport phenomena of liquid CO2 in pressurized water flow'), not free rise -- Reynolds number here is set by imposed flow velocity, not buoyancy. Flag distinctly from free-rise data points."
Hirai-Okazaki-Araki-Yazawa-Ito-Hijikata,1996,1.5e-3,kg/m^2/s,constant_flux,liquid_CO2,hydrate,droplet,forced_flow,low,"Upper bound of the range; same paper/caveats as the 3e-4 row."
Hirai-Okazaki-Araki-Yazawa-Ito-Hijikata,1996,1.25e-5,kg/m^2/s,constant_flux,liquid_CO2,non_hydrate,droplet,forced_flow,low,"2002 thesis's OWN PROSE value (thesis_full_text.txt line 918) for this paper's non-hydrate rate. Same LIQUID CO2 / forced-flow paper as the hydrate rows above. INCONSISTENT with the 1.25e-4 value the thesis's own Eq. 4-11 actually uses for the same citation -- see the 1.25e-4 row below and SOURCES.md. NOTE: despite being labeled 'non_hydrate', this is still a LIQUID CO2 droplet in forced flow, not a gas bubble in free rise -- not a valid test case for the gas-bubble rigid/mobile-sphere theory in STUDY_PLAN.md section 3, only for the hydrate-vs-no-hydrate flux comparison in general."
Hirai-Okazaki-Araki-Yazawa-Ito-Hijikata,1996,1.25e-4,kg/m^2/s,constant_flux,liquid_CO2,non_hydrate,droplet,forced_flow,low,"2002 thesis's OWN EQUATION 4-11 value for this paper's non-hydrate rate -- what this project's model/co2n2_bubble/mass_transfer.py actually implements as 'Method B' (applied there to a GAS bubble, which is an extrapolation beyond this source's own liquid-droplet/forced-flow conditions -- a pre-existing modeling choice in the original 2002 thesis, not something introduced here). A factor of 10 different from the prose value in the same source document (see row above and SOURCES.md). Same gas-vs-liquid caveat as the 1.25e-5 row."
Hirai-Okazaki-Araki-Yazawa-Ito-Hijikata,1996,2.8e-4,m/s,mass_transfer_coefficient,liquid_CO2,non_hydrate,droplet,forced_flow,low,"From 2002 thesis Table 4-1 (garbled OCR on the original table; this figure came through legibly). A third distinct non-hydrate value attributed to the same 1996 paper, in yet another unit (velocity rather than mass flux) -- may represent a different measured condition within the same paper, not necessarily a further inconsistency. Same gas-vs-liquid caveat as above. Not independently resolved."
Brewer-Peltzer-Friederich-Aya-Yamane,2000,3.4e-6,mol/m^2/s,mass_transfer_coefficient,liquid_CO2,hydrate,PLANAR_OR_MASS_NOT_SPHERE,in_situ_field,low,"EXCLUDED from Phase E's primary spherical-bubble comparison -- primary abstract confirms this in-situ Monterey Bay (619 m) field experiment used either a 'flocculant mass' of hydrate or a near-planar LIQUID-CO2/hydrate-film interface, NOT a discrete bubble or droplet. Geometrically incomparable to a Sherwood-number sphere model without further (unavailable) detail on the actual measurement geometry. Report separately, not pooled with sphere data."
Saito-Kajishima-Nagaosa,2000,2.0e-4,m/s,mass_transfer_coefficient,gas_CO2_mixture,non_hydrate,bubble,free_rise_or_gas_lift,medium,"P-GLAD gas-lift system context (shallow injection, ~300 m). GAS bubble (low-purity CO2/N2 mixture), unlike every 1990s hydrate-era entry above, which are all liquid CO2. Reported consistently in two separate places within the 2002 thesis with no internal inconsistency (unlike Hirai 1996). Already partially checked in this project's Phase 1 literature work. Bubble is gas-lift-transported, not purely free-rising under buoyancy alone -- note as a secondary flow-regime caveat similar in kind to Hirai's forced-flow issue, though less severe. One of only two entries in this dataset that is a genuine gas bubble in (approximately) free rise -- see Cho & Choi below for the other -- and therefore one of only two directly valid tests of STUDY_PLAN.md section 3's gas-bubble rigid/mobile-sphere theory."
Cho-Choi,2019,3.6e-5,m/s,mass_transfer_coefficient,gas_CO2,non_hydrate,microbubble,industrial_contactor,high,"Primary paper read directly (MDPI JMSE 7(12):457). GAS micro-bubbles (30 micron), 4 bara, 160s retention time, no inline mixer. Far smaller bubble scale (microns, not cm) than every other row in this dataset -- expect a very different Reynolds-number regime. One of only two genuine gas-bubble entries in this dataset (with Saito 2000) -- useful precisely because it tests whether the theoretical framework holds across scales, not just within the deep-sea cm-bubble literature."
Cho-Choi,2019,9.97e-5,m/s,mass_transfer_coefficient,gas_CO2,non_hydrate,microbubble,industrial_contactor,high,"Same paper, second condition: 10 micron bubbles, 3 bara, 40s retention time, WITH inline mixer -- higher turbulence/mixing intensity than the row above."
