time_s,depth_m,diameter_m,velocity_m_s,co2_mole_frac,rho_bubble,rho_seawater,mass_co2_lost_kg,percent_co2_lost
0.0,500.0,0.01,0.5482688268886989,0.5,94.27654078788689,1029.7361907260433,3.9269908169872415e-08,0.1301845280281586
2.0,498.9034623462226,0.010006985722510643,0.5534649152226393,0.49967432669180006,94.00439654379363,1029.7294374868018,7.856908716897714e-08,0.2604660924199399
4.0,497.79653251577736,0.010014069267500895,0.553772645627812,0.49934798563077537,93.73031296845785,1029.722612981455,1.1789821955489614e-07,0.39084695593685265
6.0,496.6889872245217,0.010021173478783297,0.5540369001396931,0.4990209693544199,93.45647434311913,1029.7157773303109,1.5725738104182066e-07,0.5213273695806616
8.0,495.58091342424234,0.01002829778887592,0.5543010591237615,0.498693275419607,93.18289966777984,1029.7089310109207,1.966466424151581e-07,0.6519075680136129
10.0,494.4723113059948,0.010035442318709838,0.5545655129345292,0.4983649014142535,92.90958858078241,1029.7020739656784,2.3606607493859202e-07,0.7825877874834961
12.0,493.3631802801258,0.010042607196469579,0.5548302673795016,0.4980358449123698,92.63654054817994,1029.695206131595,2.7551575040752916e-07,0.9133682660008284
14.0,492.25351974536676,0.010049792551497213,0.5550953248442138,0.49770610347353417,92.36375503517829,1029.6883274450329,3.149957411545976e-07,1.0442492433570805
16.0,491.1433290956783,0.01005699851424982,0.5553606877003514,0.4973756746427643,92.09123150766422,1029.6814378417432,3.5450612005477367e-07,1.1752309611416742
18.0,490.0326077202776,0.010064225216311284,0.5556263583363896,0.49704455595039077,91.81896943221925,1029.6745372568578,3.9404696053056486e-07,1.3063136627591634
20.0,488.92135500360484,0.010071472790404747,0.5558923391580475,0.49671274491192957,91.54696827611852,1029.6676256248827,4.3361833655725317e-07,1.437497593446617
22.0,487.80957032528875,0.010078741370405321,0.5561586325884764,0.49638023902795264,91.27522750732868,1029.6607028796911,4.732203226682008e-07,1.5687830002912073
24.0,486.6972530601118,0.010086031091352863,0.5564252410684445,0.49604703578395765,91.00374659450793,1029.6537689545137,5.128529939602177e-07,1.7001701322480054
26.0,485.5844025779749,0.010093342089465029,0.5566921670565294,0.4957131326502352,90.73252500700346,1029.6468237819333,5.525164260989927e-07,1.831659240157985
28.0,484.47101824386186,0.010100674502150443,0.5569594130293084,0.49537852708173574,90.46156221485073,1029.6398672938765,5.922106953245899e-07,1.9632505767662418
30.0,483.3570994178032,0.010108028468022067,0.5572269814815544,0.49504321651793415,90.19085768877208,1029.632899421605,6.319358784570085e-07,2.09494439674043
32.0,482.2426454548401,0.010115404126910768,0.557494874926433,0.4947071983826929,89.92041090017513,1029.6259200957084,6.716920529018113e-07,2.226740956689417
34.0,481.12765570498726,0.010122801619879076,0.557763095895704,0.4943704700841236,89.650221321151,1029.618929246096,7.114792966558184e-07,2.3586405151821594
36.0,480.0121295131959,0.010130221089235112,0.5580316469399227,0.49403302901444746,89.38028842447335,1029.6119268019884,7.512976883128703e-07,2.4906433327668105
38.0,478.896066219316,0.010137662678546726,0.5583005306286477,0.49369487254985334,89.11061168359657,1029.604912691909,7.911473070696602e-07,2.622749671990053
40.0,477.7794651580587,0.01014512653265585,0.5585697495506485,0.4933559980503543,88.84119057265383,1029.5978868436766,8.310282327316357e-07,2.754959797416665
42.0,476.6623256589574,0.01015261279769303,0.5588393063141183,0.49301640285964327,88.57202456645578,1029.5908491843954,8.709405457189731e-07,2.8872739756493244
44.0,475.54464704632915,0.010160121621092174,0.5591092035468879,0.4926760843049459,88.30311314048846,1029.583799640447,9.108843270726233e-07,3.019692475348653
46.0,474.4264286392354,0.010167653151605501,0.5593794438966442,0.4923350396968725,88.03445577091215,1029.5767381374817,9.508596584604312e-07,3.1522155672535024
48.0,473.3076697514421,0.010175207539318724,0.5596500300311502,0.49199326632926765,87.7660519345589,1029.5696646004094,9.908666221833299e-07,3.284843524201489
50.0,472.1883696913798,0.01018278493566643,0.5599209646384706,0.49165076147905873,87.49790110893086,1029.5625789533901,1.0309053011816107e-06,3.4175766211497796
52.0,471.06852776210286,0.010190385493447685,0.5601922504271969,0.4913075224061018,87.23000277219859,1029.5554811198258,1.0709757790412695e-06,3.550415135196129
54.0,469.94814326124845,0.010198009366841865,0.5604638901266792,0.4909635463530262,86.96235640319894,1029.5483710223498,1.1110781400004317e-06,3.683359345600183
56.0,468.8272154809951,0.010205656711424703,0.5607358864872588,0.4906188305450773,86.69496148143324,1029.541248582818,1.151212468955856e-06,3.8164095338050346
58.0,467.7057437080206,0.01021332768418462,0.5610082422805076,0.49027337218995737,86.42781748706449,1029.5341137222995,1.1913788514695182e-06,3.9495659834590544
60.0,466.58372722345956,0.010221022443539193,0.561280960299465,0.4899271684776638,86.16092390091667,1029.5269663610657,1.2315773737752776e-06,4.082828980437988
62.0,465.46116530286065,0.010228741149351956,0.5615540433588843,0.4895802165803265,85.89428020447136,1029.5198064185815,1.2718081227856253e-06,4.216198812867327
64.0,464.3380572161429,0.010236483962949414,0.5618274942954796,0.4892325136520427,85.62788587986606,1029.5126338134949,1.312071186098517e-06,4.349675771144963
66.0,463.21440222755194,0.010244251047138277,0.562101315968176,0.4888840568287097,85.36174040989204,1029.5054484636266,1.3523666520042908e-06,4.4832601479641205
68.0,462.0901995956156,0.010252042566222983,0.5623755112583653,0.48853484322785623,85.09584327799196,1029.4982502859598,1.392694609492673e-06,4.6169522383365775
70.0,460.9654485730989,0.010259858686023467,0.5626500830701636,0.4881848699484704,84.83019396825748,1029.4910391966291,1.43305514825987e-06,4.750752339616183
72.0,459.8401484069586,0.010267699573893178,0.5629250343306734,0.48783413407082726,84.56479196542718,1029.4838151109113,1.473448358715751e-06,4.884660751522664
74.0,458.7142983382972,0.010275565398737379,0.5632003679902493,0.4874826326563129,84.29963675488389,1029.4765779432128,1.5138743319911206e-06,5.0186777761657355
76.0,457.58789760231673,0.010283456331031718,0.5634760870227686,0.4871303627472472,84.03472782265231,1029.4693276070595,1.5543331599450853e-06,5.1528037180695225
78.0,456.4609454282712,0.010291372542841053,0.5637521944259047,0.4867773213667039,83.77006465539654,1029.4620640150854,1.5948249351725109e-06,5.287038884197282
80.0,455.33344103941937,0.010299314207838575,0.5640286932214046,0.48642350551832847,83.50564674041762,1029.4547870790218,1.6353497510115772e-06,5.421383583976447
82.0,454.20538365297654,0.010307281501325217,0.5643055864553705,0.48606891218615444,83.24147356565086,1029.4474967096846,1.6759077015514286e-06,5.55583812932399
84.0,453.0767724800658,0.010315274600249346,0.5645828771985476,0.48571353833441633,82.97754461966319,1029.4401928169634,1.7164988816399224e-06,5.690402834672109
86.0,451.9476067256687,0.010323293683226738,0.5648605685466114,0.485357380907361,82.71385939165076,1029.4328753098102,1.7571233868914774e-06,5.8250780169942455
88.0,450.8178855885755,0.010331338930560893,0.5651386636204659,0.48500043682905664,82.45041737143565,1029.4255440962256,1.7977813136950232e-06,5.959863995831441
90.0,449.68760826133456,0.010339410524263596,0.5654171655665401,0.48464270300319895,82.18721804946395,1029.4181990832485,1.8384727592220527e-06,6.094761093319027
92.0,448.5567739302015,0.010347508648075867,0.5656960775570932,0.48428417631291504,81.92426091680181,1029.4108401769417,1.8791978214347784e-06,6.229769634213671
94.0,447.42538177508726,0.010355633487489134,0.5659754027905204,0.4839248536205652,81.66154546513393,1029.4034672823818,1.919956599094396e-06,6.364889945920761
96.0,446.29343096950623,0.010363785229766814,0.566255144491669,0.48356473176754183,81.39907118675947,1029.3960803036434,1.9607491917694536e-06,6.5001223585221615
98.0,445.1609206805229,0.01037196406396616,0.5665353059121532,0.48320380757406545,81.13683757459009,1029.388679143788,2.0015756998443335e-06,6.635467204804326
100.0,444.0278500686986,0.010380170180960498,0.5668158903306776,0.4828420778389791,80.8748441221459,1029.3812637048509,2.042436224527843e-06,6.770924820286773
102.0,442.8942182880373,0.010388403773461742,0.5670969010533641,0.4824795393395394,80.6130903235535,1029.3738338878263,2.0833308678619177e-06,6.906495543250949
104.0,441.76002448593056,0.01039666503604332,0.5673783414140849,0.48211618883120466,80.35157567354194,1029.366389592655,2.124259732730443e-06,7.042179714769461
106.0,440.62526780310236,0.010404954165163375,0.5676602147747983,0.4817520230474213,80.09029966744058,1029.3589307182099,2.1652229228681884e-06,7.177977678735707
108.0,439.48994737355275,0.010413271359188434,0.567942524525893,0.4813870386994067,79.82926180117471,1029.3514571622825,2.206220542869863e-06,7.313889781893883
110.0,438.35406232450094,0.010421616818417303,0.5682252740865342,0.4810212324759293,79.5684615712638,1029.3439688215674,2.247252698199291e-06,7.449916373869411
112.0,437.2176117763279,0.010429990745105477,0.568508466905018,0.48065460104308594,79.30789847481665,1029.336465591649,2.2883194951987087e-06,7.586057807199754
114.0,436.0805948425178,0.010438393343489841,0.5687921064591294,0.4802871410440767,79.047572009529,1029.328947366986,2.3294210410981877e-06,7.72231443736566
116.0,434.94301062959954,0.010446824819813743,0.5690761962565067,0.4799188490989766,78.78748167368042,1029.321414040897,2.370557444025183e-06,7.85868662282281
118.0,433.80485823708653,0.010455285382352566,0.5693607398350123,0.4795497218045034,78.5276269661297,1029.3138655055445,2.4117288130142123e-06,7.995174725033906
120.0,432.6661367574165,0.010463775241439557,0.5696457407631057,0.4791797557337841,78.26800738631296,1029.30630165192,2.4529352580166616e-06,8.131779108501187
122.0,431.5268452758903,0.010472294609492207,0.5699312026402282,0.4788089474361165,78.00862243423853,1029.2987223698283,2.494176889910729e-06,8.26850014079938
124.0,430.38698287060987,0.010480843701038915,0.5702171290971887,0.4784372934367297,77.74947161048476,1029.291127547871,2.5354538205115002e-06,8.405338192609113
126.0,429.2465486124155,0.010489422732746207,0.570503523796558,0.47806479023653886,77.49055441619512,1029.2835170734304,2.576766162581162e-06,8.542293637750767
128.0,428.1055415648224,0.010498031923446253,0.5707903904330686,0.47769143431189925,77.23187035307583,1029.2758908326539,2.6181140298393566e-06,8.679366853218806
130.0,426.9639607839562,0.010506671494164939,0.5710777327340204,0.4773172221143552,76.97341892339112,1029.2682487104353,2.6594975369736767e-06,8.816558219216567
132.0,425.8218053184882,0.010515341668150298,0.5713655544596945,0.4769421500703868,76.7151996299602,1029.2605905904002,2.700916799650306e-06,8.953868119191533
134.0,424.6790742095688,0.010524042670901486,0.5716538594037723,0.47656621458115234,76.45721197615265,1029.2529163548863,2.7423719345248058e-06,9.0912969398711
136.0,423.53576649076126,0.010532774730198133,0.5719426513937613,0.4761894120222282,76.19945546588521,1029.2452258849275,2.7838630592530503e-06,9.228845071298815
138.0,422.39188118797375,0.01054153807613024,0.5722319342914277,0.4758117387433442,75.94192960361745,1029.2375190602354,2.8253902925023164e-06,9.366512906871156
140.0,421.2474173193909,0.010550332941128506,0.5725217119932378,0.4754331910681166,75.68463389434824,1029.2297957591807,2.866953753962525e-06,9.504300843374788
142.0,420.1023738954044,0.01055915955999518,0.5728119884308025,0.4750537652937762,75.42756784361133,1029.2220558587753,2.9085535643576407e-06,9.642209281024353
144.0,418.9567499185428,0.010568018169935429,0.5731027675713349,0.4746734576908936,75.17073095747124,1029.2142992346533,2.9501898454572306e-06,9.780238623500798
146.0,417.81054438340016,0.010576909010589166,0.5733940534181093,0.4742922645031005,74.91412274251937,1029.2065257610518,2.9918627200881875e-06,9.918389277990231
148.0,416.66375627656396,0.010585832324063451,0.5736858500109324,0.47391018194680706,74.65774270586964,1029.1987353107916,3.0335723121466155e-06,10.056661655223323
150.0,415.51638457654207,0.010594788354965388,0.5739781614266185,0.47352720621091526,74.4015903551543,1029.1909277552575,3.0753187466098858e-06,10.195056169515281
152.0,414.3684282536888,0.010603777350435592,0.5742709917794758,0.4731433334565288,74.14566519851975,1029.183102964378,3.117102149548863e-06,10.333573238806377
154.0,413.21988627012985,0.010612799560182204,0.5745643452217994,0.47275855981665854,73.88996674462167,1029.1752608066047,3.1589226481403054e-06,10.472213284703047
156.0,412.07075757968624,0.010621855236515435,0.5748582259443706,0.4723728813959242,73.63449450262137,1029.1674011488924,3.200780370679441e-06,10.610976732519601
158.0,410.9210411277975,0.010630944634382735,0.5751526381769677,0.471986294270251,73.37924798218083,1029.1595238566767,3.2426754465927274e-06,10.749864011320508
160.0,409.77073585144353,0.010640068011404536,0.5754475861888839,0.47159879448656383,73.12422669345806,1029.1516287938543,3.284608006450789e-06,10.888875553963288
162.0,408.61984067906576,0.01064922562791056,0.5757430742894531,0.4712103780624751,72.86943014710283,1029.1437158227593,3.326578181981548e-06,11.028011797142046
164.0,407.46835453048686,0.010658417746976767,0.5760391068285852,0.4708210409859698,72.61485785425207,1029.1357848041416,3.368586106083538e-06,11.167273181431604
166.0,406.3162763168297,0.010667644634462932,0.5763356881973115,0.4704307792150851,72.36050932652476,1029.1278355971453,3.4106319128394153e-06,11.306660151332299
168.0,405.1636049404351,0.010676906559050839,0.5766328228283368,0.47003958867758605,72.1063840760174,1029.1198680592843,3.4527157375296664e-06,11.446173155315417
170.0,404.0103392947784,0.010686203792283118,0.5769305151966042,0.46964746527063644,71.85248161529933,1029.11188204642,3.4948377166465136e-06,11.585812645869298
172.0,402.8564782643852,0.010695536608602759,0.577228769819866,0.4692544048604648,71.59880145740753,1029.103877412737,3.536997987908025e-06,11.725579079546112
174.0,401.70202072474547,0.010704905285393298,0.577527591259266,0.4688604032820259,71.34534311584184,1029.0958540107188,3.579196690272433e-06,11.865472917009317
176.0,400.5469655422269,0.01071431010301967,0.5778269841199332,0.46846545633865727,71.09210610456006,1029.087811691124,3.621433963952661e-06,12.005494623081836
178.0,399.3913115739871,0.010723751344869805,0.5781269530515836,0.46806955980173076,70.83908993797239,1029.0797503029603,3.66370995043107e-06,12.145644666794922
180.0,398.2350576678839,0.010733229297396878,0.5784275027491322,0.46767270941029915,70.586294130937,1029.0716696934596,3.7060247924744167e-06,12.285923521437761
182.0,397.07820266238565,0.010742744250162358,0.5787286379533176,0.4672749008707377,70.33371819875424,1029.0635697080525,3.7483786341490407e-06,12.426331664607815
184.0,395.92074538647904,0.010752296495879755,0.5790303634513366,0.46687612985638044,70.08136165716147,1029.0554501903407,3.7907716208362745e-06,12.566869578261903
186.0,394.7626846595764,0.010761886330459143,0.5793326840774872,0.4664763920071507,69.82922402232806,1029.0473109820712,3.833203899248086e-06,12.707537748768068
188.0,393.6040192914214,0.01077151405305246,0.5796356047138284,0.46607568292918733,69.57730481084945,1029.0391519231093,3.875675617442954e-06,12.848336666958202
190.0,392.4447480819938,0.010781179966099603,0.5799391302908465,0.4656739981944638,69.32560353974209,1029.0309728514098,3.918186924841989e-06,12.989266828181478
192.0,391.2848698214121,0.010790884375375327,0.580243265788135,0.46527133334040416,69.07411972643773,1029.0227736029892,3.960737972245289e-06,13.130328732358587
194.0,390.1243832898358,0.010800627590036981,0.5805480162350874,0.46486768386948996,68.8228528887776,1029.0145540118976,4.003328911848547e-06,13.271522884036788
196.0,388.9632872573656,0.010810409922673054,0.5808533867116006,0.4644630452488648,68.57180254500733,1029.0063139101883,4.045959897259918e-06,13.412849792445819
198.0,387.8015804839424,0.010820231689352642,0.5811593823487926,0.4640574129099306,68.32096821377043,1028.9980531278889,4.088631083517132e-06,13.554309971554638
200.0,386.6392617192448,0.01083009320967574,0.5814660083297305,0.4636507822479387,68.0703494141028,1028.989771492971,4.1313426271048765e-06,13.695903940129043
202.0,385.47632970258536,0.01083999480682445,0.5817732698901754,0.46324314862157506,67.81994566542699,1028.9814688313181,4.174094685972449e-06,13.837632221790189
204.0,384.31278316280503,0.010849936807615123,0.5820811723193356,0.4628345073525386,67.56975648754576,1028.9731449666958,4.216887419551673e-06,13.979495345073984
206.0,383.14862081816636,0.010859919542551407,0.5823897209606393,0.46242485372511405,67.3197814006365,1028.9647997207194,4.259720988775096e-06,14.121493843491425
208.0,381.9838413762451,0.01086994334587829,0.582698921212516,0.4620141829857371,67.07001992524458,1028.9564329128202,4.3025955560944735e-06,14.26362825558987
210.0,380.8184435338201,0.01088000855563705,0.5830087785291939,0.4616024903425544,66.82047158227778,1028.9480443602145,4.345511285499537e-06,14.405899125015246
212.0,379.65242597676166,0.01089011551372131,0.5833192984215143,0.4611897709649756,66.57113589299931,1028.939633877867,4.3884683425370555e-06,14.54830700057525
214.0,378.48578737991863,0.010900264565934029,0.5836304864577584,0.4607760199832193,66.32201237902161,1028.9312012784599,4.431466894330196e-06,14.690852436303537
216.0,377.3185264070031,0.010910456062045545,0.5839423482644877,0.46036123248785177,66.07310056230025,1028.9227463723546,4.474507109598191e-06,14.833535991524913
218.0,376.15064171047413,0.010920690355852719,0.5842548895274043,0.4599454035293186,65.82439996512694,1028.914268967558,4.517589158676318e-06,14.97635823092156
220.0,374.9821319314193,0.010930967805239142,0.5845681159922244,0.459528528117469,65.57591011012299,1028.905768869686,4.5607132135361886e-06,15.119319724600318
222.0,373.81299569943485,0.010941288772236456,0.5848820334655668,0.45911060122107294,65.32763052023262,1028.8972458819258,4.6038794478063675e-06,15.262421048161029
224.0,372.6432316325037,0.010951653623086801,0.5851966478158618,0.45869161776733075,65.07956071871625,1028.8886998049995,4.647088036793319e-06,15.405662782765964
226.0,371.47283833687203,0.010962062728306445,0.5855119649742728,0.4582715726413746,64.83170022914352,1028.880130437124,4.690339157502689e-06,15.549045515210395
228.0,370.3018144069235,0.010972516462750615,0.5858279909356398,0.457850460685763,64.58404857538585,1028.8715375739741,4.733632988660923e-06,15.692569837994258
230.0,369.13015842505223,0.010983015205679469,0.5861447317594353,0.4574282766999668,64.33660528161023,1028.8629210086406,4.776969710737246e-06,15.836236349395014
232.0,367.95786896153334,0.01099355934082538,0.5864621935707433,0.45700501543984673,64.08936987227138,1028.8542805315913,4.820349505965984e-06,15.980045653541644
234.0,366.78494457439183,0.011004149256461484,0.5867803825612541,0.4565806716171236,63.84234187210451,1028.8456159306286,4.863772558369259e-06,16.123998360489892
236.0,365.61138380926934,0.011014785345471475,0.5870993049902784,0.4561552398988394,63.5955208061181,1028.836926990849,4.9072390537800465e-06,16.26809508629871
238.0,364.43718519928876,0.011025468005420782,0.5874189671857821,0.4557287149068101,63.348906199586374,1028.8282134945985,4.9507491798656165e-06,16.412336453107947
240.0,363.2623472649172,0.011036197638629055,0.5877393755454394,0.4553010912170691,63.10249757804161,1028.8194752214295,4.994303126151352e-06,16.556723089217332
242.0,362.0868685138263,0.011046974652244062,0.588060536537706,0.4548723633593026,62.85629446726674,1028.8107119480574,5.03790108404497e-06,16.70125562916675
244.0,360.91074744075087,0.01105779945831702,0.5883824567029158,0.4544425258162755,62.610296393287165,1028.8019234483131,5.08154324686113e-06,16.84593471381785
246.0,359.73398252734506,0.011068672473879326,0.5887051426543951,0.45401157302324774,62.364502882363205,1028.793109493099,5.125229809846465e-06,16.990760990436993
248.0,358.5565722420363,0.011079594121020855,0.5890286010796024,0.4535794993673814,62.11891346098161,1028.7842698503407,5.168960970205018e-06,17.135735112779596
250.0,357.3785150398771,0.01109056482696966,0.5893528387412869,0.45314629918713806,61.87352765584805,1028.7754042849385,5.2127369271241105e-06,17.280857741175893
252.0,356.1998093623945,0.011101585024173329,0.5896778624786715,0.45271196677166625,61.628344993878535,1028.76651255872,5.2565578818006424e-06,17.426129542618103
254.0,355.02045363743713,0.01111265515038189,0.5900036792086608,0.4522764963601793,61.38336500219104,1028.7575944303887,5.300424037467835e-06,17.571551190849114
256.0,353.84044627901983,0.011123775648732345,0.5903302959270694,0.4518398821413219,61.138587208096965,1028.7486496554745,5.344335599422426e-06,17.717123366452608
258.0,352.6597856871657,0.011134946967834854,0.5906577197098777,0.4514021182525274,60.89401113909278,1028.7396779862802,5.3882927750523275e-06,17.862846756944766
260.0,351.478470247746,0.011146169561860634,0.5909859577145098,0.4509631987793632,60.64963632285141,1028.7306791718304,5.43229577386475e-06,18.008722056867512
262.0,350.29649833231696,0.01115744389063163,0.5913150171811417,0.4505231177548664,60.40546228721281,1028.7216529578166,5.476344807514815e-06,18.154749967883347
264.0,349.1138682979547,0.011168770419711914,0.5916449054340304,0.45008186915886744,60.16148856017573,1028.7125990865418,5.520440089834649e-06,18.300931198871815
266.0,347.9305784870866,0.011180149620500962,0.5919756298828732,0.4496394469173027,59.91771466988793,1028.7035172968663,5.564581836862988e-06,18.447266466027635
268.0,346.74662722732086,0.011191581970328752,0.5923071980241942,0.4491958449015153,59.674140144637654,1028.694407324148,5.608770266875286e-06,18.593756492960512
270.0,345.56201283127245,0.01120306795255284,0.592639617442757,0.44875105692754463,59.43076451284371,1028.685268900186,5.6530056004143455e-06,18.740402010796707
272.0,344.37673359638694,0.011214608056657336,0.5929728958130095,0.44830507675540315,59.18758730304623,1028.6761017531605,5.697288060321493e-06,18.887203758282347
274.0,343.19078780476093,0.011226202778353928,0.5933070409005562,0.44785789808834114,58.944608043896835,1028.666905607573,5.741617871768283e-06,19.034162481888554
276.0,342.0041737229598,0.011237852619684928,0.5936420605636595,0.4474095145720983,58.70182626414936,1028.657680184182,5.785995262288768e-06,19.181278935918435
278.0,340.8168896018325,0.01124955808912848,0.5939779627547769,0.44695991979414396,58.45924149264912,1028.648425199943,5.830420461812337e-06,19.32855388261591
280.0,339.62893367632296,0.011261319701705862,0.5943147555221241,0.4465091072829021,58.21685325832357,1028.639140367942,5.874893702697131e-06,19.47598809227651
282.0,338.4403041652787,0.011273137979091024,0.594652447011275,0.44605707050696447,57.974661090171814,1028.6298253973307,5.919415219764051e-06,19.62358234336012
284.0,337.25099927125615,0.011285013449722433,0.5949910454667936,0.4456038028742897,57.73266451725393,1028.620479993259,5.9639852503313776e-06,19.77133742260575
286.0,336.06101718032255,0.01129694664891716,0.595330559233901,0.44514929773138756,57.49086306868094,1028.6111038568074,6.008604034250003e-06,19.91925412514831
288.0,334.87035606185475,0.011308938118987406,0.5956709967601752,0.4446935483624904,57.24925627360377,1028.6016966849165,6.0532718139393e-06,20.067333254637543
290.0,333.6790140683344,0.011320988409359441,0.5960123665972901,0.4442365479887083,57.00784366120244,1028.5922581703153,6.097988834423634e-06,20.215575623359065
292.0,332.48698933513987,0.011333098076695042,0.5963546774027895,0.44377828976717065,56.76662476067519,1028.5827880014501,6.142755343369541e-06,20.363982052357603
294.0,331.2942799803343,0.01134526768501552,0.5966979379419004,0.4433187667901518,56.52559910122686,1028.5732858624092,6.187571591123576e-06,20.512553371562475
296.0,330.1008841044505,0.0113574978058283,0.5970421570893832,0.44285797208418115,56.28476621205802,1028.5637514328466,6.232437830750853e-06,20.66129041991535
298.0,328.9067997902717,0.011369789018256278,0.5973873438314228,0.4423958986091373,56.0441256223531,1028.5541843879068,6.277354318074292e-06,20.810194045500367
300.0,327.71202510260883,0.011382141909169894,0.5977335072675621,0.4419325392573266,55.80367686126864,1028.5445843981433,6.322321311714588e-06,20.959265105676625
302.0,326.51655808807374,0.011394557073322025,0.5980806566126747,0.4414678868525435,55.56341945792145,1028.5349511294403,6.367339073130912e-06,21.108504467213116
304.0,325.3203967748484,0.0114070351134858,0.598428801198983,0.44100193414911565,55.32335294137646,1028.5252842429284,6.4124078666623765e-06,21.25791300642619
306.0,324.1235391724504,0.011419576640595388,0.5987779504781182,0.44053467383093037,55.083476840634404,1028.5155833949023,6.457527959570263e-06,21.407491609319546
308.0,322.9259832714942,0.01143218227388985,0.5991281140232284,0.44006609851044387,54.843790684619,1028.5058482367342,6.502699622081045e-06,21.55724117172685
310.0,321.72772704344777,0.011444852641060089,0.5994793015311316,0.4395962007276722,54.60429400216477,1028.4960784147863,6.547923127430212e-06,21.707162599457025
312.0,320.52876844038553,0.011457588378399039,0.5998315228245147,0.43912497294916325,54.36498632200364,1028.4862735703214,6.593198751906925e-06,21.857256808442294
314.0,319.32910539473653,0.011470390130955145,0.6001847878541862,0.43865240756695034,54.12586717275197,1028.4764333394112,6.638526774899513e-06,22.007524724888984
316.0,318.1287358190282,0.011483258552689253,0.6005391067013747,0.4381784968974857,53.88693608289696,1028.466557352844,6.683907478941836e-06,22.15796728543125
318.0,316.9276576056254,0.011496194306634901,0.600894489580081,0.437703233180555,53.64819258078346,1028.4566452360275,6.729341149760527e-06,22.308585437287686
320.0,315.7258686264653,0.011509198065062249,0.601250946839483,0.4372266085781699,53.40963619459978,1028.4466966088935,6.774828076323145e-06,22.459380138420933
322.0,314.5233667327863,0.011522270509645648,0.6016084889663976,0.4367486151734416,53.17126645236358,1028.4367110857968,6.82036855088725e-06,22.610352357700396
324.0,313.3201497548535,0.011535412331634918,0.6019671265877912,0.4362692449694319,52.9330828819079,1028.4266882754143,6.865962869050426e-06,22.761503075068067
326.0,312.1162155016779,0.01154862423203056,0.6023268704733583,0.4357884898879827,52.69508501086611,1028.4166277806403,6.911611329801279e-06,22.912833281707584
328.0,310.9115617607312,0.011561906921762843,0.6026877315381491,0.4353063417685232,52.45727236665771,1028.4065291984818,6.9573142355714156e-06,23.06434398021656
330.0,309.70618629765494,0.011575261121875053,0.6030497208452649,0.4348227923668544,52.219644476472496,1028.3963921199486,7.003071892288455e-06,23.216036184782304
332.0,308.5000868559644,0.011588687563710814,0.6034128496086125,0.4343378333539102,51.982200867255926,1028.3862161299426,7.048884609430069e-06,23.367910921360988
334.0,307.2932611567472,0.011602186989105794,0.603777129195722,0.4338514563144944,51.74494106569297,1028.3760008071445,7.094752700079092e-06,23.51996922786034
336.0,306.08570689835574,0.011615760150583741,0.6041425711306341,0.4333636527459929,51.50786459819263,1028.365745723899,7.140676480979723e-06,23.67221215432595
338.0,304.87742175609446,0.011629407811557113,0.6045091870968514,0.4328744140570619,51.27097099087138,1028.355450446094,7.1866562725948475e-06,23.824640763131317
340.0,303.66840338190076,0.011643130746532308,0.6048769889403608,0.4323837315662886,51.03425976953697,1028.345114533042,7.232692399164502e-06,23.97725612917164
342.0,302.45864940402004,0.011656929741319703,0.6052459886727283,0.4318915965008279,50.79773045967158,1028.3347375373546,7.278785188765511e-06,24.130059340061553
344.0,301.2481574266746,0.011670805593248616,0.6056161742372611,0.43139799999500955,50.561382586414524,1028.3243190048156,7.324934973372329e-06,24.283051496336803
346.0,300.03692507820006,0.011684759110707483,0.6059876058839463,0.4309029330889202,50.32521568332874,1028.3138584746728,7.371142088913737e-06,24.436233711642206
348.0,298.8249498664322,0.011698791115386149,0.6063602726757479,0.4304063867270128,50.089229266221935,1028.303355478258,7.417406875346755e-06,24.589607112976687
350.0,297.6122293210807,0.011712902440516886,0.6067341871196241,0.42990835175651737,49.85342285902805,1028.292809540082,7.463729676716113e-06,24.74317284089042
352.0,296.39876094684143,0.011727093931757051,0.6071093621023346,0.42940881892598987,49.61779598533924,1028.2822201772963,7.510110841220154e-06,24.896932049703327
354.0,295.18454222263676,0.011741366447436305,0.6074858106980789,0.4289077788837762,49.382348168315225,1028.2715868995463,7.556550721278151e-06,25.05088590772821
356.0,293.9695706012406,0.011755720858804108,0.6078635461704888,0.4284052221764444,49.14707893066375,1028.2609092088283,7.603049673599011e-06,25.205035597498533
358.0,292.75384350889965,0.011770158050283216,0.6082425819763588,0.42790113924718476,48.911987794620764,1028.2501865993397,7.649608059251409e-06,25.359382316000932
360.0,291.53735834494694,0.011784678919729242,0.6086229317694831,0.42739552043417794,48.67707428193085,1028.2394185573278,7.69622624373539e-06,25.513927274912568
362.0,290.320112481408,0.011799284378696602,0.6090046094045901,0.4268883559689284,48.44233791382686,1028.228604560934,7.742904597055472e-06,25.668671700843483
364.0,289.1021032625988,0.01181397535271093,0.6093876289413702,0.42637963597456385,48.20777821100938,1028.217744080035,7.789643493795287e-06,25.823616835584023
366.0,287.8833280047161,0.011828752781548222,0.6097720046486099,0.42586935046409974,47.97339469362561,1028.2068365760797,7.836443313193806e-06,25.978763936357574
368.0,286.66378399541884,0.011843617619520845,0.6101577510084254,0.425357489338667,47.73918688124796,1028.1958815019232,7.883304439223186e-06,26.13411427607859
370.0,285.443468493402,0.011858570835770693,0.6105448827206056,0.4248440423857028,47.50515429285196,1028.184878301655,7.930227260668277e-06,26.289669143616205
372.0,284.2223787279608,0.011873613414569575,0.6109334147070642,0.424328999277103,47.27129644679419,1028.1738264104265,7.97721217120784e-06,26.44542984406345
374.0,283.0005118985467,0.011888746355627209,0.611323362116406,0.4238123495673362,47.0376128607893,1028.1627252542696,8.024259569497518e-06,26.60139769901233
376.0,281.7778651743139,0.011903970674406912,0.6117147403286092,0.42329408269151664,46.804103051886834,1028.151574249915,8.071369859254602e-06,26.757574046834833
378.0,280.55443569365667,0.011919287402449304,0.6121075649598294,0.42277418796343647,46.57076653644744,1028.1403728046055,8.118543449344642e-06,26.913960242970052
380.0,279.330220563737,0.011934697587704206,0.6125018518673272,0.4222526545735561,46.33760283011874,1028.1291203159017,8.165780753869964e-06,27.07055766021763
382.0,278.1052168600023,0.011950202294871072,0.6128976171545233,0.4217294715869502,46.10461144781028,1028.1178161714874,8.213082192260121e-06,27.227367689037607
384.0,276.8794216256933,0.011965802605748064,0.6132948771761869,0.4212046279412101,45.87179190366872,1028.106459748967,8.260448189364344e-06,27.384391737856927
386.0,275.65283187134094,0.011981499619590205,0.61369364854376,0.42067811244430015,45.63914371105171,1028.0950504156594,8.307879175546052e-06,27.54163123338274
388.0,274.4254445742534,0.011997294453476786,0.6140939481308204,0.42014991377236677,45.406666382501626,1028.0835875283867,8.355375586779467e-06,27.699087620922686
390.0,273.19725667799173,0.012013188242688315,0.6144957930786924,0.4196200204674999,45.17435942971865,1028.072070433257,8.402937864748396e-06,27.856762364712374
392.0,271.9682650918343,0.012029182141093353,0.6148992008022038,0.4190884209354443,44.942222363533276,1028.060498465443,8.450566456947233e-06,28.014656948250217
394.0,270.7384666902299,0.012045277321545499,0.6153041889956001,0.4185551034432607,44.71025469387831,1028.0488709489534,8.498261816784255e-06,28.17277287463987
396.0,269.50785831223874,0.01206147497629089,0.6157107756386146,0.4180200561169337,44.47845592975998,1028.0371871964007,8.546024403687264e-06,28.331111666940444
398.0,268.27643676096153,0.01207777631738649,0.6161189790027058,0.4174832669389271,44.24682557922868,1028.0254465087614,8.593854683211644e-06,28.489674868524737
400.0,267.04419880295615,0.012094182577129577,0.6165288176574618,0.4169447237456833,44.015363149348865,1028.0136481751317,8.641753127150905e-06,28.6484640434457
402.0,265.8111411676412,0.012110695008498694,0.6169403104771805,0.41640441422506597,43.78406814616857,1028.0017914724747,8.689720213649772e-06,28.807480776811317
404.0,264.57726054668683,0.01212731488560655,0.6173534766476308,0.4158623259137447,43.55294007468788,1027.9898756653643,8.737756427319913e-06,28.966726675168285
406.0,263.3425535933916,0.012144043504165132,0.6177683356729996,0.41531844619451985,43.321978438826946,1027.9779000057192,8.785862259358352e-06,29.126203366894565
408.0,262.1070169220456,0.01216088218196354,0.6181849073830318,0.4147727622935851,43.09118274139299,1027.9658637325344,8.834038207668663e-06,29.285912502601136
410.0,260.8706471072795,0.012177832259358838,0.6186032119403695,0.4142252612777275,42.86055248404705,1027.9537660716003,8.88228477698503e-06,29.44585575554329
412.0,259.63344068339876,0.01219489509978049,0.6190232698480963,0.41367593005146136,42.630087167269146,1027.941606235219,8.930602478999232e-06,29.60603482204159
414.0,258.39539414370256,0.012212072090248646,0.6194451019574946,0.4131247553540961,42.399786290323654,1027.9293834219127,8.97899183249066e-06,29.766451421912898
416.0,257.15650393978757,0.012229364641906933,0.6198687294760217,0.412571723756734,42.16964935122295,1027.917096816121,9.027453363459452e-06,29.92710729891172
418.0,255.91676648083552,0.01224677419057007,0.6202941739755138,0.41201682165919856,41.93967584669077,1027.9047455878956,9.075987605262812e-06,30.088004221182153
420.0,254.6761781328845,0.012264302197286912,0.620721457400624,0.41146003528688746,41.70986527212429,1027.8923288925816,9.124595098754653e-06,30.249143981720785
422.0,253.43473521808326,0.012281950148919354,0.6211506020775033,0.4109013506875529,41.48021712155581,1027.8798458704955,9.173276392428616e-06,30.410528398850822
424.0,252.19243401392825,0.012299719558737736,0.6215816307227331,0.4103407537280023,41.25073088761276,1027.8672956465898,9.222032042564595e-06,30.572159316707864
426.0,250.9492707524828,0.012317611967033154,0.622014566452515,0.40977823009072134,41.02140606147768,1027.8546773301132,9.27086261337886e-06,30.734038605737574
428.0,249.70524161957775,0.012335628941747445,0.6224494327921328,0.4092137652704127,40.792242132846276,1027.8419900142585,9.319768677177895e-06,30.896168163205623
430.0,248.46034275399347,0.012353772079121285,0.6228862536856894,0.4086473445704527,40.56323858988508,1027.8292327758015,9.368750814516056e-06,31.058549913720412
432.0,247.2145702466221,0.012372043004361122,0.6233250535061327,0.4080789530992585,40.33439491918781,1027.8164046747324,9.41780961435716e-06,31.22118580976872
434.0,245.96792013960982,0.01239044337232554,0.6237658570655781,0.4075085757665676,40.10571060573069,1027.8035047538747,9.466945674240151e-06,31.384077832264918
436.0,244.72038842547866,0.012408974868231797,0.6242086896259416,0.4069361972796236,39.877185132826654,1027.790532038494,9.516159600448934e-06,31.547227991113985
438.0,243.47197104622677,0.012427639208383193,0.62465357690989,0.40636180213926726,39.64881798207807,1027.777485535898,9.56545200818653e-06,31.710638325788864
440.0,242.22266389240698,0.012446438140917976,0.625100545112122,0.4057853746359293,39.420608633329095,1027.764364235024,9.614823521753679e-06,31.874310905922528
442.0,240.97246280218275,0.012465373446580656,0.6255496209109923,0.4052068988455218,39.192556564615565,1027.7511671060147,9.664274774732028e-06,32.03824783191531
444.0,239.72136356036077,0.0124844469395164,0.6260008314804906,0.40462635862522567,38.96466125211488,1027.7378930997832,9.713806410172056e-06,32.20245123555784
446.0,238.46936189739978,0.012503660468089426,0.6264542045025876,0.40404373760917006,38.73692217009357,1027.7245411475658,9.763419080785873e-06,32.36692328067027
448.0,237.2164534883946,0.012523015915726224,0.626909768179964,0.4034590192040005,38.50933879085395,1027.7111101604617,9.813113449145061e-06,32.53166616375808
450.0,235.96263395203465,0.012542515201784496,0.6273675512491313,0.4028721865843337,38.281910584679466,1027.6975990289604,9.862890187883715e-06,32.69668211468521
452.0,234.70789884953638,0.012562160282448786,0.6278275829939662,0.40228322268809247,38.05463701977816,1027.684006622455,9.91274997990684e-06,32.86197339736492
454.0,233.45224368354843,0.012581953151653766,0.6282898932596677,0.40169211021172013,37.8275175622248,1027.6703317887427,9.9626935186043e-06,33.02754231046905
456.0,232.1956638970291,0.012601895842036144,0.6287545124671542,0.4010988316052684,37.60055167590183,1027.6565733535106,1.001272150807048e-05,33.19339118815625
458.0,230.9381548720948,0.012621990425916371,0.629221471627922,0.40050336906735506,37.373738822438035,1027.642730119806,1.0062834663329852e-05,33.3595224008197
460.0,229.67971192883894,0.012642239016311152,0.6296908023593727,0.39990570453998825,37.14707846114606,1027.628800867493,1.0113033710568655e-05,33.525938355855224
462.0,228.4203303241202,0.01266264376797797,0.6301625369006387,0.3993058197032512,36.92057004895782,1027.6147843526924,1.0163319387372865e-05,33.692641498450165
464.0,227.1600052503189,0.012683206878492849,0.6306367081289169,0.39870369596984445,36.69421304035829,1027.6006793072052,1.021369244297269e-05,33.85963431239391
466.0,225.89873183406107,0.01270393058936251,0.6311133495763342,0.39809931447948005,36.46800688731781,1027.5864844379198,1.0264153638493795e-05,34.02691932091073
468.0,224.6365051349084,0.012724817187172475,0.6315924954473664,0.39749265609312245,36.24195103922135,1027.5721984262018,1.031470374721549e-05,34.194499087515695
470.0,223.37332014401366,0.01274586900477214,0.632074180636827,0.396883701387072,36.01604494279737,1027.5578199272652,1.036534355483611e-05,34.362376216894496
472.0,222.10917178274002,0.012767088422498667,0.6325584407484555,0.39627243064688517,35.790288042043,1027.5433475695258,1.0416073859745847e-05,34.53055335580784
474.0,220.8440549012431,0.012788477869440838,0.6330453121141212,0.39565882386112466,35.56467977814833,1027.528779953935,1.0466895473307277e-05,34.69903319402147
476.0,219.57796427701487,0.01281003982474467,0.6335348318136743,0.3950428607149367,35.33921958941775,1027.5141156532936,1.0517809220143847e-05,34.86781846526254
478.0,218.31089461338752,0.012831776818962344,0.6340270376954606,0.3944245205834465,35.11390691118938,1027.4993532115443,1.0568815938436619e-05,35.03691194820336
480.0,217.0428405379966,0.012853691435446202,0.6345219683975389,0.3938037825249668,34.88874117575181,1027.4844911430444,1.0619916480229536e-05,35.20631646747335
482.0,215.77379660120152,0.012875786311789575,0.6350196633696171,0.39318062527401315,34.663721812258665,1027.4695279318155,1.0671111711743526e-05,35.37603489470039
484.0,214.5037572744623,0.012898064141316366,0.6355201628957451,0.39255502723411956,34.43884824664034,1027.45446203077,1.0722402513699751e-05,35.54607014958239
486.0,213.2327169486708,0.01292052767462134,0.636023508117789,0.39192696647044556,34.21411990151328,1027.4392918609137,1.0773789781652332e-05,35.71642520099033
488.0,211.96066993243522,0.012943179721163161,0.6365297410597246,0.39129642070217,33.989536196086526,1027.424015810526,1.0825274426330888e-05,35.887103068103784
490.0,210.6876104503158,0.012966023150912435,0.6370389046527796,0.39066336729466117,33.76509654606497,1027.4086322343112,1.0876857373993242e-05,36.05810682158026
492.0,209.41353264101022,0.012989060896056876,0.6375510427614594,0.3900277832514177,33.540800363550275,1027.3931394525252,1.0928539566788672e-05,36.22943958475935
494.0,208.1384305554873,0.013012295952766094,0.6380662002105002,0.38938964520577,33.316647056938336,1027.3775357500765,1.0980321963132085e-05,36.40110453490319
496.0,206.8622981550663,0.01303573138301848,0.6385844228127788,0.3887489294123347,33.09263603081333,1027.3618193755956,1.1032205538089526e-05,36.57310490447446
498.0,205.58512930944073,0.013059370316492722,0.6391057573982276,0.3881056117382122,32.86876668583897,1027.3459885404766,1.1084191283775431e-05,36.74544398245335
500.0,204.30691779464428,0.013083215952526745,0.6396302518437921,0.38745966765391876,32.64503841864604,1027.3300414178887,1.1136280209762076e-05,36.91812511569489
502.0,203.02765729095668,0.013107271562147043,0.6401579551044808,0.38681107222404204,32.421450621715984,1027.3139761417551,1.1188473343501678e-05,37.09115171032833
504.0,201.7473413807477,0.01313154049017121,0.6406889172455508,0.3861598000976113,32.19800268326137,1027.2977908057003,1.1240771730761624e-05,37.26452723319989
506.0,200.4659635462566,0.01315602615738703,0.6412231894758791,0.38550582549816936,31.974693987102107,1027.2814834619608,1.1293176436073324e-05,37.438255213360854
508.0,199.18351716730484,0.013180732062811399,0.6417608241825741,0.3848491222135374,31.751523912537515,1027.2650521202636,1.1345688543195235e-05,37.61233924360249
510.0,197.8999955189397,0.013205661786032512,0.6423018749668782,0.3841896635852591,31.528491834214577,1027.2484947466655,1.1398309155590576e-05,37.78678298203974
512.0,196.61539176900595,0.01323081898963913,0.6428463966814232,0.383527422497712,31.305597121991326,1027.2318092623561,1.1451039396920321e-05,37.96159015374559
514.0,195.3296989756431,0.013256207421740622,0.6433944454688932,0.3828623713668743,31.082839140796153,1027.214993542419,1.1503880411552081e-05,38.136764552438024
516.0,194.0429100847053,0.013281830918582049,0.643946078802166,0.3821944821287322,30.860217250481956,1027.1980454145537,1.1556833365085472e-05,38.31231004222174
518.0,192.755017927101,0.013307693407258413,0.6445013555259927,0.38152372622731434,30.63773080567543,1027.1809626577542,1.1609899444894665e-05,38.48823055938669
520.0,191.46601521604902,0.013333798908532608,0.6450603359002892,0.38085007460233883,30.415379155621572,1027.1637430009425,1.1663079860688766e-05,38.66453011426591
522.0,190.17589454424845,0.013360151539761932,0.6456230816451151,0.3801734976764563,30.193161644022233,1027.1463841215564,1.171637584509079e-05,38.8412127931548
524.0,188.88464838095823,0.01338675551793801,0.6461896559874132,0.3794939653420742,29.97107760886949,1027.128883644089,1.1769788654235949e-05,39.018282760294554
526.0,187.5922690689834,0.013413615162845498,0.6467601237095995,0.37881144694774443,29.749126382272927,1027.1112391385782,1.1823319568390061e-05,39.195744259922286
528.0,186.2987488215642,0.013440734900345067,0.6473345512000795,0.3781259112840962,29.5273072902811,1027.0934481190448,1.1876969892588924e-05,39.373601618390595
530.0,185.00407971916405,0.013468119265786588,0.6479130065057952,0.3774373265692965,29.30561965269626,1027.075508041875,1.1930740957299498e-05,39.55185924635949
532.0,183.70825370615248,0.013495772907558606,0.6484955593868864,0.3767456604340178,29.084062782882885,1027.0574163041479,1.1984634119103844e-05,39.7305216410637
534.0,182.4112625873787,0.013523700590780757,0.649082281373578,0.3760508799058921,28.862635987568876,1027.0391702419033,1.2038650761406744e-05,39.90959338865857
536.0,181.11309802463154,0.013551907201145876,0.6496732458253963,0.3753529513934311,28.641338566639764,1027.0207671283492,1.2092792295168058e-05,40.089079166647856
538.0,179.81375153298075,0.013580397748919172,0.6502685279928262,0.3746518406693881,28.42016981292537,1027.0022041720058,1.2147060159660825e-05,40.268983746396955
540.0,178.5132144769951,0.013609177373102146,0.6508682050815335,0.373947512853539,28.19912901197837,1026.9834785147816,1.2201455823256265e-05,40.44931199573531
542.0,177.21147806683203,0.013638251345769327,0.6514723563192754,0.3732399323948573,27.978215441844903,1026.9645872299816,1.2255980784236841e-05,40.63006888165174
544.0,175.90853335419348,0.013667625076586499,0.6520810630256352,0.37252906305305566,27.7574283728262,1026.9455273202445,1.2310636571638601e-05,40.81125947308694
546.0,174.6043712281422,0.013697304117519472,0.6526944086847225,0.37181486787946794,27.536767067231516,1026.926295715402,1.2365424746124116e-05,40.992888943827424
548.0,173.29898241077277,0.013727294167743032,0.6533124790209873,0.3710973091972416,27.31623077912142,1026.9068892702617,1.2420346900887366e-05,41.17496257550524
550.0,171.9923574527308,0.013757601078760291,0.6539353620783097,0.3703763485808096,27.09581875404131,1026.8873047623083,1.2475404662592023e-05,41.35748576070858
552.0,170.68448672857417,0.013788230859743235,0.6545631483025316,0.3696519468346103,26.875530228744424,1026.8675388893191,1.2530599692344638e-05,41.54046400620794
554.0,169.3753604319691,0.013819189683105904,0.655195930627608,0.3689240639710213,26.65536443090433,1026.847588266889,1.2585933686704335e-05,41.72390293630344
556.0,168.0649685707139,0.013850483890322438,0.6558338045655698,0.3681926591874703,26.435320578815556,1026.8274494258649,1.2641408378730681e-05,41.907808296298604
558.0,166.75330096158274,0.013882119998002715,0.6564768683004949,0.36745769084268654,26.215397881083025,1026.807118809682,1.2697025539071545e-05,42.092185956106746
560.0,165.44034722498174,0.013914104704239516,0.6571252227867045,0.3667191164320519,25.99559553629818,1026.7865927715975,1.2752786977092769e-05,42.27704191399599
562.0,164.12609677940833,0.01394644489524146,0.6577789718514047,0.36597689256201094,25.77591273270283,1026.7658675718208,1.2808694542051677e-05,42.462382300479575
564.0,162.81053883570553,0.013979147652267446,0.6584382223020225,0.36523097492349355,25.55634864783863,1026.7449393745296,1.286475012431649e-05,42.64821338235837
566.0,161.49366239110148,0.014012220258878777,0.65910308403848,0.3644813182643052,25.336902448182585,1026.723804244773,1.2920955656633856e-05,42.83454156692289
568.0,160.17545622302453,0.014045670208526607,0.659773670170687,0.36372787636043363,25.117573288767172,1026.7024581452515,1.2977313115446844e-05,43.02137340632261
570.0,158.85590888268314,0.01407950521249322,0.6604500971415385,0.36297060198622194,24.89836031278471,1026.6808969329702,1.3033824522265864e-05,43.20871560211072
572.0,157.53500868840007,0.014113733208206964,0.6611324848557181,0.3622094468833488,24.679262651174824,1026.6591163557616,1.3090491945095136e-05,43.39657500997306
574.0,156.21274371868864,0.014148362367951878,0.6618209568146449,0.3614443617285617,24.4602794221948,1026.6371120486651,1.3147317499917462e-05,43.58495864465032
576.0,154.88910180505934,0.014183401107994641,0.6625156402579029,0.3606752961000973,24.241409730970823,1026.6148795301651,1.3204303352240267e-05,43.773873685063336
578.0,153.56407052454352,0.014218858098152641,0.6632166663115298,0.3599021984427259,24.02265266903036,1026.592414198273,1.326145171870599e-05,43.96332747965174
580.0,152.23763719192047,0.014254742271828899,0.66392417014356,0.35912501603134817,23.804007313813784,1026.569711326452,1.3318764868770132e-05,44.1533275519369
582.0,150.90978885163335,0.0142910628365411,0.664638291127244,0.3583436949330721,23.585472728164614,1026.5467660593729,1.3376245126450471e-05,44.34388160632078
584.0,149.58051226937886,0.014327829284974034,0.6653591730123982,0.35755817996769024,23.367047959796867,1026.523573408494,1.3433894872151149e-05,44.534997534133005
586.0,148.24979392335405,0.014365051406586523,0.6660869641053647,0.35676841466647524,23.148732040738757,1026.5001282474564,1.3491716544565588e-05,44.72668341993927
588.0,146.91761999514333,0.014402739299806403,0.6668218174581011,0.35597434122920407,22.930523986751048,1026.4764253072863,1.3549712642662418e-05,44.918947548124905
590.0,145.58397636022713,0.014440903384849239,0.667563891066948,0.3551759004793183,22.71242279671866,1026.452459171394,1.3607885727758892e-05,45.11179840976854
592.0,144.24884857809323,0.014479554417199041,0.6683133480816699,0.3543730318171194,22.49442745201461,1026.4282242703578,1.3666238425686528e-05,45.30524470982144
594.0,142.9122218819299,0.014518703501792168,0.6690703570253992,0.3535656731708933,22.276536915833876,1026.4037148764858,1.372477342905404e-05,45.49929537460941
596.0,141.5740811678791,0.01455836210794838,0.6698350920261658,0.35275376094585137,22.05875013249611,1026.3789250981392,1.3783493499612928e-05,45.69395955967501
598.0,140.23441098382676,0.014598542085096285,0.6706077330607357,0.3519372299707664,21.84106602671538,1026.3538488738104,1.3842401470731482e-05,45.88924665797917
600.0,138.8931955177053,0.014639255679344047,0.6713884662115448,0.351116013442176,21.623483502834773,1026.3284799659368,1.3901500249983328e-05,46.08516630848257
602.0,137.55041858528222,0.01468051555094991,0.6721774839375655,0.3502900428660166,21.40600144402385,1026.3028119544429,1.3960792821857033e-05,46.281728405128256
604.0,136.2060636174071,0.014722334792751155,0.672974985360007,0.34945924799654,21.188618711437275,1026.2768382299912,1.4020282250593757e-05,46.47894310624887
606.0,134.86011364668707,0.01476472694961488,0.6737811765638227,0.3486235567723588,20.971334143331347,1026.2505519869294,1.4079971683160439e-05,46.67682084442305
608.0,133.51255129355943,0.0148077060389784,0.6745962709160686,0.34778289524945205,20.754146554137183,1026.2239462159166,1.4139864352366446e-05,46.87537233680756
610.0,132.1633587517273,0.014851286572552988,0.6754204894022355,0.3469371875309538,20.537054733486666,1026.19701369621,1.4199963580132278e-05,47.0746085959734
612.0,130.8125177729228,0.014895483579269841,0.6762540609817729,0.3460863556935325,20.32005744518925,1026.1697469875953,1.4260272780919442e-05,47.274540941276314
614.0,129.46000965095925,0.014940312629553967,0.6770972229641099,0.3452303197101574,20.10315342615606,1026.1421384219404,1.4320795465331314e-05,47.475181010794
616.0,128.10581520503104,0.014985789861018289,0.6779502214065881,0.3443689973690324,19.8863413852682,1026.1141800943515,1.4381535243895504e-05,47.67654077386522
618.0,126.74991476221786,0.015031932005677984,0.678813311535834,0.3435023041884637,19.669620002185656,1026.085863853908,1.4442495831039011e-05,47.878632544267816
620.0,125.39228813914619,0.015078756418793072,0.6796867581942203,0.34263015332740615,19.452987926093442,1026.0571812939538,1.4503681049268294e-05,48.081468994076225
622.0,124.03291462275774,0.015126281109456746,0.6805708363132087,0.3417524554914195,19.236443774379993,1026.028123741921,1.4565094833567301e-05,48.28506316824145
624.0,122.67177295013133,0.015174524773056164,0.6814658314155071,0.3408691188337434,19.01998613124469,1025.998682248653,1.4626741236027483e-05,48.48942849994013
626.0,121.30884128730031,0.015223506825743978,0.6823720401481428,0.33998004885117566,18.803613546228934,1025.968847577206,1.4688624430724896e-05,48.69457882674273
628.0,119.94409720700402,0.015273247441070321,0.6832897708487318,0.3390851482744186,18.587324532665864,1025.9386101910902,1.4750748718860686e-05,48.90052840765486
630.0,118.57751766530656,0.015323767588938208,0.6842193441474227,0.3381843169525281,18.371117566043672,1025.9079602419251,1.481311853418251e-05,49.10729194108997
632.0,117.20907897701171,0.015375089077059796,0.6851610936072023,0.33727745173107393,18.154991082276315,1025.8768875564651,1.4875738448705862e-05,49.31488458383622
634.0,115.83875678979732,0.015427234595106825,0.686115366405502,0.33636444632358753,17.93894347587522,1025.845381622965,1.4938613178755799e-05,49.52332197108553
636.0,114.46652605698631,0.01548022776176599,0.6870825240602889,0.33544519117583976,17.72297309801546,1025.8134315768405,1.5001747591351242e-05,49.73262023759838
638.0,113.09236100886574,0.0155340931749295,0.688062943204134,0.33451957332245336,17.507078254488725,1025.7810261855786,1.5065146710955849e-05,49.942796040083664
640.0,111.71623512245746,0.01558885646527242,0.6890570164100543,0.3335874762353147,17.29125720353514,1025.7481538328586,1.5128815726621477e-05,50.15386658088025
642.0,110.33812108963735,0.015644544353492103,0.6900651530732842,0.3326487796632036,17.07550815354534,1025.7148025018207,1.519275999955245e-05,50.36584963303338
644.0,108.95799078349079,0.015701184711511388,0.6910877803535271,0.3317033594620118,16.859829260623126,1025.6809597574436,1.5256985071121298e-05,50.57876356686782
646.0,107.57581522278373,0.015758806627976244,0.6921253441826671,0.33075108741486564,16.644218625998796,1025.6466127279566,1.5321496671369273e-05,50.79262737816818
648.0,106.1915645344184,0.01581744047841116,0.693178310343399,0.3297918310414099,16.42867429328185,1025.6117480852383,1.5386300728027907e-05,51.00746071808637
650.0,104.8052079137316,0.015877118000431664,0.6942471656247825,0.32882545339544333,16.213194245540794,1025.5763520241237,1.5451403376101132e-05,51.223283924907584
652.0,103.41671358248205,0.015937872374453346,0.695332419061306,0.3278518128500246,15.997776402197326,1025.540410240551,1.551681096805104e-05,51.44011805781725
654.0,102.02604874435943,0.01599973831038207,0.6964346032627229,0.326870762869087,15.78241861572005,1025.5039079084709,1.5582530084634364e-05,51.65798493282542
656.0,100.63317953783398,0.01606275214081987,0.6975542758426524,0.32588215176451263,15.567118668102458,1025.4668296554312,1.564856754644113e-05,51.876907161018636
658.0,99.23807098614867,0.016126951921377603,0.6986920209547811,0.3248858224375187,15.35187426710761,1025.4291595367433,1.571493042619181e-05,52.096908189326605
660.0,97.84068694423911,0.0161923775387481,0.6998484509464087,0.32388161210309807,15.136683042261229,1025.3908810081357,1.5781626061854695e-05,52.31801234400788
662.0,96.44099004234629,0.01625907082726462,0.7010242081401389,0.3228693519961402,14.921542540572428,1025.351976896782,1.584866207065132e-05,52.54024487707948
664.0,95.038941626066,0.016327075694748987,0.7022199667556758,0.32184886705771837,14.706450221959466,1025.3124293705912,1.5916046364024333e-05,52.76363201593729
666.0,93.63450169255465,0.01639643825854339,0.7034364349850027,0.3208199755998854,14.491403454356197,1025.2722199056268,1.598378716364985e-05,52.98820101643891
668.0,92.22762882258465,0.016467206992721337,0.7046743572356979,0.31978248894714906,14.276399508471615,1025.2313292515241,1.6051893018584576e-05,53.213980219748414
670.0,90.81828010811326,0.016539432887587645,0.7059345165588224,0.3187362110526152,14.061435552173034,1025.1897373947493,1.6120372823647397e-05,53.44099911327369
672.0,89.40641107499562,0.016613169622707362,0.7072177372796958,0.31768093808657466,13.846508644459446,1025.1474235195412,1.618923583914572e-05,53.66928839606153
674.0,87.99197560043622,0.016688473754850608,0.7085248878520277,0.31661645799507965,13.631615728989207,1025.1043659663537,1.625849171206848e-05,53.898880049055144
676.0,86.57492582473216,0.016765404922408213,0.7098568839583004,0.3155425500257895,13.416753627121343,1025.0605421876057,1.632815049888123e-05,54.1298074106625
678.0,85.15521205681556,0.01684402606802378,0.71121469188207,0.31445898421807156,13.201919030426376,1025.0159287005256,1.6398222690073502e-05,54.362105258133994
680.0,83.73278267305142,0.016924403681406325,0.7125993321810095,0.31336552085400804,12.987108492616837,1024.9705010368552,1.6468719236625778e-05,54.59580989530358
682.0,82.3075840086894,0.017006608064536965,0.7140118836931156,0.31226190986658464,12.772318420843094,1024.9242336891573,1.6539651578582385e-05,54.83095924731143
684.0,80.87956024130317,0.017090713621770018,0.7154534879126466,0.3111478902009075,12.557545066293056,1024.8771000534489,1.6611031675938508e-05,55.06759296299809
686.0,79.44865326547787,0.017176799177658072,0.7169253537770716,0.31002318912381344,12.34278451402801,1024.8290723678444,1.66828720420742e-05,55.30575252574237
688.0,78.01480255792373,0.01726494832571034,0.7184287629117867,0.3088875214766859,12.128032671978616,1024.7801216468752,1.675518577999643e-05,55.545481373608126
690.0,76.57794503210016,0.017355249811732497,0.7199650753856213,0.3077405888656643,11.913285259016012,1024.7302176111048,1.6827986621682455e-05,55.78682502977229
692.0,75.13801488132891,0.017447797955904225,0.721535736037425,0.3065820787827146,11.69853779200306,1024.679328611626,1.6901288970854552e-05,56.02983124432834
694.0,73.69494340925407,0.017542693118341245,0.7231422814424545,0.30541166365021366,11.48378557171885,1024.6274215489823,1.6975107949558556e-05,56.274550148699866
696.0,72.24865884636915,0.01764004221357635,0.7247863475970567,0.30422899978075546,11.269023667536095,1024.5744617859996,1.7049459448967203e-05,56.52103442405977
698.0,70.79908615117505,0.017739959280196893,0.7264696784115557,0.3030337262428047,11.054246900716162,1024.520413053967,1.712436018488547e-05,56.769339485337255
700.0,69.34614679435194,0.017842566112817624,0.7281941351145839,0.30182546362157703,10.839449826168337,1024.4652373515341,1.7199827758500096e-05,57.01952368260991
702.0,67.88975852412277,0.01794799296467342,0.7299617066877292,0.30060381266307623,10.624626712500113,1024.4088948356207,1.7275880722990675e-05,57.27164852192757
704.0,66.4298351107473,0.018056379330420612,0.7317745214677583,0.29936835278754614,10.4097715201614,1024.3513437035563,1.7352538656707633e-05,57.52577890790622
706.0,64.9662860678118,0.018167874820277957,0.7336348600753769,0.29811864045664055,10.194877877458769,1024.29254006557,1.742982224372455e-05,57.78198341076878
708.0,63.49901634766104,0.018282640138469326,0.7355451698551774,0.29685420737633905,9.979939054184035,1024.232437806638,1.7507753362692342e-05,58.04033456090749
710.0,62.02792600795068,0.01840084818111187,0.7375080810419664,0.29557455851496955,9.764947932564539,1024.1709884365864,1.7586355185063612e-05,58.300909174509655
712.0,60.55290984586675,0.018522685271302068,0.7395264249050777,0.29427916991256453,9.549896975199866,1024.1081409271865,1.7665652283921684e-05,58.5637887143391
714.0,59.0738569960566,0.0186483525522847,0.7416032541659038,0.2929674862540795,9.334778189598705,1024.0438415348287,1.7745670754845445e-05,58.82905969041784
716.0,57.590650487724794,0.01877806756336638,0.743741866036305,0.2916389181746328,9.11958308887047,1023.9780336071716,1.7826438350474854e-05,59.096814106127184
718.0,56.10316675565218,0.018912066027808257,0.7459458282888964,0.29029283925972277,8.904302648055625,1023.9106573719239,1.7907984630720666e-05,59.367149956171204
720.0,54.61127509907439,0.01905060388749516,0.7482190088470017,0.28892858269718236,8.68892725549563,1023.8416497056853,1.799034113089604e-05,59.6401717839535
722.0,53.11483708138039,0.01919395962597683,0.7505656094756663,0.2875454375301981,8.473446658543866,1023.7709438804469,1.8073541550449546e-05,59.915991307250174
724.0,51.61370586242906,0.019342436929827685,0.7529902042697375,0.2861426444517821,8.257849902800123,1023.6984692850119,1.8157621965465153e-05,60.194728122673034
726.0,50.107725453889586,0.01949636774858268,0.7554977837761019,0.28471939107027666,8.042125263908526,1023.6241511181695,1.8242621068685198e-05,60.4765105013751
728.0,48.596729886337386,0.019656115826308874,0.758093805761782,0.283274806562335,7.8262601707868775,1023.5479100499631,1.8328580441533594e-05,60.76147629084059
730.0,47.08054227481382,0.019822080793861514,0.7607842538569618,0.2818079556137829,7.610241118945907,1023.4696618467982,1.8415544863502016e-05,61.04977394053783
732.0,45.5589737670999,0.019994702930963226,0.7635757055741963,0.28031783152906786,7.3940535723031795,1023.3893169554314,1.850356266535573e-05,61.34156367283959
734.0,44.031822355951505,0.020174468732655396,0.7664754115481327,0.2788033483656705,7.177681851583713,1023.3067800400204,1.8592686133974823e-05,61.63701882512106
736.0,42.49887153285524,0.02036191744702923,0.7694913882753974,0.2772633319196228,6.961109007015455,1023.221949465394,1.8682971978346606e-05,61.936327394581426
738.0,40.959888756304444,0.020557648792655557,0.7726325271906644,0.27569650935045986,6.744316672550366,1023.134716718433,1.8774481868365752e-05,62.23969382443193
740.0,39.41462370192311,0.02076233211779707,0.7759087236314496,0.27410149718631316,6.527284898247171,1023.044965757919,1.88672830608142e-05,62.54734107909549
742.0,37.862806254660214,0.020976717333441135,0.779331030174443,0.27247678738944026,6.309991956703578,1022.9525722813064,1.89614491303646e-05,62.85951306757217
744.0,36.30414419431133,0.021201648044184014,0.7829118400445596,0.27082073108525423,6.092414118478984,1022.8574028945089,1.905706082792615e-05,63.1764774889601
746.0,34.73832051422221,0.021438077423116632,0.7866651079082913,0.26913151945834995,5.874525390240626,1022.7593141678406,1.9154207094471698e-05,63.49852919341591
748.0,33.16499029840563,0.021687087540618374,0.7906066175128934,0.26740716118952973,5.656297207812018,1022.6581515575115,1.925298626612684e-05,63.825994177171665
750.0,31.58377706337984,0.02194991307894727,0.7947543085338598,0.2656454556377905,5.4376980742847065,1022.5537481673288,1.9353507516438413e-05,64.15923436383072
752.0,29.994268446312123,0.022227970668960154,0.7991286789525689,0.2638439607456561,5.2186931307102356,1022.4459233191297,1.9455892595335734e-05,64.49865336923597
754.0,28.396011088406986,0.022522895508140642,0.8037532847576566,0.26199995434365586,4.999243643387035,1022.3344808925316,1.9560277942752478e-05,64.84470350838373
756.0,26.788504518891674,0.022836587514489026,0.8086553664274333,0.2601103871189909,4.7793063870663435,1022.2192073841263,1.9666817280253623e-05,65.19789438698272
758.0,25.171193786036806,0.023171270121697736,0.8138666425428753,0.2581718249485312,4.5588328970423255,1022.0998696223562,1.9775684819403523e-05,65.55880353758498
760.0,23.543460500951056,0.023529566056953766,0.8194243266104927,0.256180377508345,4.337768554354647,1021.9762120555553,1.988707927573868e-05,65.92808972639433
762.0,21.90461184773007,0.023914596270182005,0.8253724462912222,0.2541316089557749,4.116051456153114,1021.8479535050102,2.0001228949423382e-05,66.30650979625872
764.0,20.253866955147625,0.024330110939251068,0.831763578865737,0.2520204248718045,3.893611006024249,1021.7147832392515,2.011839823966671e-05,66.69494026275584
766.0,18.590339797416153,0.024780665722344282,0.8386611697754663,0.24984092729031715,3.670366134213849,1021.5763561753616,2.02388961188394e-05,67.09440540692252
768.0,16.91301745786522,0.025271863133285066,0.8461426841609287,0.24758622610151154,3.4462230211295295,1021.4322869403303,2.036308733589391e-05,67.50611441595676
770.0,15.220732089543361,0.02581068979160825,0.8543039750488074,0.2452481896866993,3.2210721425996205,1021.2821424182044,2.0491407502298433e-05,67.93151139492612
772.0,13.512124139445746,0.02640599849033195,0.8632654736565958,0.24281710909078952,2.9947843708403257,1021.1254322466281,2.0624383835694712e-05,68.37234413451961
774.0,11.785593192132554,0.027069215529929542,0.873181188010572,0.24028123616972233,2.7672057313183798,1020.9615964744135,2.0762664379571668e-05,68.83076097782431
776.0,10.03923081611141,0.0278154105624145,0.8842521757424171,0.23762613288399273,2.5381501972241813,1020.7899891876981,2.0907060335762165e-05,69.30945115770754
778.0,8.270726464626575,0.028664973457843215,0.8967474269729844,0.2348337283312471,2.3073895332406025,1020.6098562400792,2.1058609464015985e-05,69.81185497412234
780.0,6.477231610680606,0.029646356737293125,0.9110375976223564,0.23188090605236872,2.074638546442126,1020.4203040554836,2.1218674888413362e-05,70.34249134940133
782.0,4.6551564154358935,0.030800798220372728,0.9276523007980857,0.22873730152042202,1.8395328874524175,1020.2202543434328,2.138910676186267e-05,70.90749376575471
784.0,2.799851813839722,0.03219099198809816,0.9473836502776347,0.2253616966848209,1.6015941483014966,1020.0083754389378,2.1572523389884224e-05,71.51554222484994
786.0,0.9050845132844527,0.033918367948864235,0.9714888623574561,0.22169574646139983,1.36017191189063,1019.7829723628874,2.1772840080297672e-05,72.17961644893086
